{"model":{"version":3,"nodes":[{"name":"RootNode","position":[0,0,0],"rotation":[0,0,0],"scale":[0.03048,0.03048,0.03048],"scaleCompensation":false},{"name":"×þ×ü","position":[0,0,0],"rotation":[-90,-0,0],"scale":[1,1,1],"scaleCompensation":false},{"name":"¡¡×ý×û","position":[0,0,0],"rotation":[-90,-0,0],"scale":[1,1,1],"scaleCompensation":false},{"name":"Box001","position":[0.23768,-7.11419e-18,0.0509129],"rotation":[-90,-0,0],"scale":[1,1,1],"scaleCompensation":false}],"parents":[-1,0,0,0],"skins":[],"morphs":[],"vertices":[{"position":{"type":"float32","components":3,"data":[1.20917,-1.73833,0,-1.20917,-1.73833,0,1.20917,1.73833,0,-1.20917,1.73833,0,1.20917,1.73833,0.25,-1.20917,1.73833,0.25,-1.20917,-1.73833,0.25,1.20917,-1.73833,0.25,1.20917,-1.75833,0.23,-1.20917,-1.75833,0.23,-1.20917,-1.75833,0.02,1.20917,-1.75833,0.02,1.22917,1.73833,0.23,1.22917,-1.73833,0.23,1.22917,-1.73833,0.02,1.22917,1.73833,0.02,-1.00609,1.73477,0.15,-0.72264,1.73477,0.15,-0.72264,1.73477,0.1,-1.00609,1.73477,0.1,-1.22917,-1.73833,0.23,-1.22917,1.73833,0.23,-1.22917,1.73833,0.02,-1.22917,-1.73833,0.02,-1.20917,-1.75833,0.02,-1.22917,-1.73833,0.02,-1.20917,-1.73833,0,1.20917,-1.73833,0,1.22917,-1.73833,0.02,1.20917,-1.75833,0.02,-1.22917,1.73833,0.02,-1.20917,1.75833,0.02,-1.20917,1.73833,0,1.20917,1.73833,0,1.20917,1.75833,0.02,1.22917,1.73833,0.02,-1.20917,-1.75833,0.23,-1.20917,-1.73833,0.25,-1.22917,-1.73833,0.23,1.22917,-1.73833,0.23,1.20917,-1.73833,0.25,1.20917,-1.75833,0.23,-1.22917,1.73833,0.23,-1.20917,1.73833,0.25,-1.20917,1.75833,0.23,1.20917,1.75833,0.23,1.20917,1.73833,0.25,1.22917,1.73833,0.23,-1.22917,1.73833,0.02,-1.20917,-1.73833,0,-1.22917,-1.73833,0.02,-1.20917,1.73833,0,1.20917,1.73833,0,-1.20917,1.73833,0,-0.71264,1.75833,0.02,-1.01609,1.75833,0.02,-1.20917,1.75833,0.02,1.20917,1.75833,0.02,1.22917,-1.73833,0.02,1.20917,1.73833,0,1.22917,1.73833,0.02,1.20917,-1.73833,0,-1.20917,-1.75833,0.02,1.20917,-1.73833,0,1.20917,-1.75833,0.02,-1.20917,-1.73833,0,-1.20917,-1.75833,0.23,1.20917,-1.75833,0.23,-1.20917,-1.73833,0.25,1.20917,-1.73833,0.25,1.22917,-1.73833,0.23,1.22917,1.73833,0.23,1.20917,-1.73833,0.25,1.20917,1.73833,0.25,-1.20917,1.73833,0.25,1.20917,1.73833,0.25,-0.71264,1.75833,0.23,1.20917,1.75833,0.23,-1.01609,1.75833,0.23,-1.20917,1.75833,0.23,-1.22917,1.73833,0.23,-1.22917,-1.73833,0.23,-1.20917,1.73833,0.25,-1.20917,-1.73833,0.25,1.20917,-1.75833,0.23,1.22917,-1.73833,0.02,1.22917,-1.73833,0.23,1.20917,-1.75833,0.02,-1.22917,-1.73833,0.02,-1.20917,-1.75833,0.23,-1.22917,-1.73833,0.23,-1.20917,-1.75833,0.02,1.22917,1.73833,0.23,1.22917,1.73833,0.02,1.20917,1.75833,0.23,1.20917,1.75833,0.02,-1.20917,1.75833,0.23,-1.22917,1.73833,0.02,-1.22917,1.73833,0.23,-1.20917,1.75833,0.02,-1.20917,1.75833,0.23,-1.01609,1.75833,0.16,-1.20917,1.75833,0.02,-1.01609,1.75833,0.09,-1.01609,1.75833,0.02,-1.01609,1.75833,0.23,-0.71264,1.75833,0.09,1.20917,1.75833,0.23,1.20917,1.75833,0.02,-0.71264,1.75833,0.16,-0.71264,1.75833,0.02,-0.71264,1.75833,0.23,-1.00609,1.75833,0.15,-1.00609,1.75833,0.1,-0.72264,1.75833,0.15,-0.72264,1.75833,0.1,-1.00609,1.73477,0.15,-1.00609,1.75833,0.1,-1.00609,1.75833,0.15,-1.00609,1.73477,0.1,-0.72264,1.73477,0.15,-1.00609,1.73477,0.15,-1.00609,1.75833,0.15,-0.72264,1.75833,0.15,-0.72264,1.73477,0.1,-0.72264,1.73477,0.15,-0.72264,1.75833,0.15,-0.72264,1.75833,0.1,-0.72264,1.75833,0.1,-1.00609,1.75833,0.1,-1.00609,1.73477,0.1,-0.72264,1.73477,0.1]},"normal":{"type":"float32","components":3,"data":[0,0,-1,0,0,-1,0,0,-1,0,0,-1,0,0,1,0,0,1,0,0,1,0,0,1,0,-1,0,0,-1,0,0,-1,0,0,-1,0,1,0,0,1,0,0,1,0,0,1,0,0,0,1,0,0,1,0,0,1,0,0,1,0,-1,0,0,-1,0,0,-1,0,0,-1,0,0,-0.57735,-0.57735,-0.57735,-0.57735,-0.57735,-0.57735,-0.57735,-0.57735,-0.57735,0.57735,-0.57735,-0.57735,0.57735,-0.57735,-0.57735,0.57735,-0.57735,-0.57735,-0.57735,0.57735,-0.57735,-0.57735,0.57735,-0.57735,-0.57735,0.57735,-0.57735,0.57735,0.57735,-0.57735,0.57735,0.57735,-0.57735,0.57735,0.57735,-0.57735,-0.57735,-0.57735,0.57735,-0.57735,-0.57735,0.57735,-0.57735,-0.57735,0.57735,0.57735,-0.57735,0.57735,0.57735,-0.57735,0.57735,0.57735,-0.57735,0.57735,-0.57735,0.57735,0.57735,-0.57735,0.57735,0.57735,-0.57735,0.57735,0.57735,0.57735,0.57735,0.57735,0.57735,0.57735,0.57735,0.57735,0.57735,0.57735,-0.707107,0,-0.707106,-0.707107,0,-0.707106,-0.707107,0,-0.707106,-0.707107,0,-0.707106,0,0.707107,-0.707107,0,0.707107,-0.707107,0,0.707107,-0.707107,0,0.707107,-0.707107,0,0.707107,-0.707107,0,0.707107,-0.707107,0.707107,0,-0.707106,0.707107,0,-0.707106,0.707107,0,-0.707106,0.707107,0,-0.707106,0,-0.707107,-0.707106,0,-0.707107,-0.707106,0,-0.707107,-0.707106,0,-0.707107,-0.707106,0,-0.707107,0.707106,0,-0.707107,0.707106,0,-0.707107,0.707106,0,-0.707107,0.707106,0.707107,0,0.707107,0.707107,0,0.707107,0.707107,0,0.707107,0.707107,0,0.707107,0,0.707107,0.707106,0,0.707107,0.707106,0,0.707107,0.707106,0,0.707107,0.707106,0,0.707107,0.707106,0,0.707107,0.707106,-0.707107,0,0.707107,-0.707107,0,0.707107,-0.707107,0,0.707107,-0.707107,0,0.707107,0.707107,-0.707107,0,0.707107,-0.707107,0,0.707107,-0.707107,0,0.707107,-0.707107,0,-0.707107,-0.707107,0,-0.707107,-0.707107,0,-0.707107,-0.707107,0,-0.707107,-0.707107,0,0.707107,0.707107,0,0.707107,0.707107,0,0.707107,0.707107,0,0.707107,0.707107,0,-0.707107,0.707107,0,-0.707107,0.707107,0,-0.707107,0.707107,0,-0.707107,0.707107,0,0,1,0,0,1,0,0,1,0,0,1,0,0,1,0,0,1,0,0,1,0,0,1,0,0,1,0,0,1,0,0,1,0,0,1,0,0,1,0,0,1,0,0,1,0,0,1,0,1,0,0,1,0,0,1,0,0,1,0,0,5.2571e-08,0,-1,5.2571e-08,0,-1,5.2571e-08,0,-1,5.2571e-08,0,-1,-1,0,0,-1,0,0,-1,0,0,-1,0,0,-5.2571e-08,0,1,-5.2571e-08,0,1,-5.2571e-08,0,1,-5.2571e-08,0,1]},"texCoord0":{"type":"float32","components":2,